Sample_ID,FileID_R1,FileID_R2
SRR17380209,SRR17380209_1.fastq.gz,SRR17380209_2.fastq.gz
SRR17380232,SRR17380232_1.fastq.gz,SRR17380232_2.fastq.gz
SRR17380236,SRR17380236_1.fastq.gz,SRR17380236_2.fastq.gz
SRR17380231,SRR17380231_1.fastq.gz,SRR17380231_2.fastq.gz
SRR17380218,SRR17380218_1.fastq.gz,SRR17380218_2.fastq.gz
SRR17380222,SRR17380222_1.fastq.gz,SRR17380222_2.fastq.gz
SRR17380118,SRR17380118_1.fastq.gz,SRR17380118_2.fastq.gz
SRR17380115,SRR17380115_1.fastq.gz,SRR17380115_2.fastq.gz
SRR17380122,SRR17380122_1.fastq.gz,SRR17380122_2.fastq.gz
